{
    "faces":[43,0,1,3,2,0,0,1,2,3,0,0,0,0,43,2,3,7,6,0,4,5,6,7,1,1,1,1,43,6,7,5,4,0,8,9,3,10,2,2,2,2,43,1,0,4,5,0,13,14,11,12,3,3,3,3,43,4,0,2,6,0,17,5,15,16,4,4,4,4,43,7,3,1,5,0,18,19,20,21,5,5,5,5],
    "normals":[-1,0,0,-0.000689,-0,-1,1,0,0,0.000689,0,1,0.018073,-0.999837,0,0.016858,0.999858,0],
    "metadata":{
        "materials":1,
        "vertices":8,
        "normals":6,
        "uvs":1,
        "faces":6,
        "version":3,
        "generator":"io_three",
        "type":"Geometry"
    },
    "vertices":[-4.90854,1.47539,-1.23496,-4.90854,2.08617,-1.23496,-4.90854,1.47539,-1.27936,-4.90854,2.08617,-1.27936,-0.116387,1.56201,-1.23826,-0.116387,2.00537,-1.23826,-0.116387,1.56201,-1.28266,-0.116387,2.00537,-1.28266],
    "materials":[{
        "colorSpecular":[0.5,0.5,0.5],
        "DbgIndex":0,
        "wireframe":false,
        "mapDiffuse":"fretboard_ebony.png",
        "visible":true,
        "mapDiffuseAnisotropy":1,
        "DbgColor":15658734,
        "depthWrite":true,
        "shading":"phong",
        "opacity":1,
        "DbgName":"Material.001",
        "depthTest":true,
        "mapDiffuseRepeat":[1,1],
        "mapDiffuseWrap":["repeat","repeat"],
        "specularCoef":50,
        "doubleSided":false,
        "colorDiffuse":[0.64,0.64,0.64],
        "transparent":false,
        "colorEmissive":[0,0,0],
        "blending":1
    }],
    "uvs":[[0.850898,0.220192,0.850898,0.124488,0.875512,0.124488,0.875512,0.220192,0.463079,0.124488,0.801671,0.124488,0.75688,0.875384,0.5111,0.875384,0.850898,0.289663,0.850898,0.220192,0.875512,0.289663,0.41506,0.875384,0.169279,0.875384,0.124488,0.124488,0.463079,0.124488,0.826284,0.124493,0.826284,0.875512,0.801671,0.875507,0.826285,0.875496,0.826284,0.124493,0.850898,0.124488,0.850898,0.875491]]
}